{"cameraMode":{"drawMode":0,"name":"Shaded","section":"Shading Mode"},"sceneLighting":true,"audioPlay":false,"sceneViewState":{"showFog":true,"showMaterialUpdate":false,"showSkybox":true,"showFlares":true,"showImageEffects":true,"showParticleSystems":true},"in2DMode":false,"pivot":{"x":-4.23799991607666,"y":3.380000114440918,"z":2.7200002670288088},"rotation":{"x":-0.09286564588546753,"y":0.002987355925142765,"z":0.00027865171432495117,"w":0.9956750869750977},"size":5.196152210235596,"orthographic":false}